,castle,"love,",scientists,regularly.,hearts,them,research,or,action,"pathways,","companionship,",world,masterful,"technology,",analyzing,helps,remind,strength-based,"legendary,",tirelessly,wide,agility,ability,ashen,protect,"embody.
",those,communication,focus,"rewarding,",characters.,"defense,",where,identifying,"adaptability,",Its,join,atmosphere,day,it.,inhabitants,owners,vulnerability,have,detect,(SIEM),resonate,armored,availability,"reports,",earned,involve,keeps,instinct,threat.,these,adding,senses,multifaceted,able,charm.,maintain,"changing,",need,just,strengthen,"demanding,",feel,"resilience,","art,",gentle,Rather,perseverance.,growth,bring,story,emerging,continue,lowly,significant,thick,"eyes,","III,",presence.,"narrative,","achievement,","audiences,","occur,",rely,enigmatic,effectively,"independence,",they're,"game.

Ultimately,","assessments,",limits,game's,makes,"Lothric,",associated,Cybersecurity,constantly,ancient,digital,critically,natural,objective,body,"behavior,",Their,data,"encounter,",cherished,overall,"patience,",customization,The,interconnected,elegant,than,a,investigating,fragments,"comfort,",resource,achievement,decay,learn,their,renowned,weaving,vigilant,future,From,interact,deep,It's,"darkness.

Central",measures,temperature,"millennia,",vulnerabilities,entertainment,elegance,secret,array,"challenges.

Ultimately,",enemies.,cats,threats,boasts,combat,taking,does,"predecessors,",masterclass,critical,over,incident,management,promoting,world's,spells,fascinated,crumbling,"attack,",crucial,surrounding,role,hollows,"world.

The","literature,",fur.,environmental,help,piece,profound,epic,expertise,"approach,",often,joy,"dodges,",meticulously,subtle,signs,clues,pushing,findings,may,systems.,interactions,injured,exceptional,analyst,can,attention.,portion,role-playing,thorough,"complexity,","occurrences.

Furthermore,",through,after,Players,captivating,expressions,Cinder,possess,Persian,Lord,items,transforming,bumps,every,distribute,leaving,player,core,anomalies,observe,"accomplishment,",Unlike,lack,malicious,"predators,",Cats,Itâ€™s,tools,make,heavily,both,alike.,create,about,on,"creatures,",human,not,"counterparts,",shaping,purring,celebrated,head,palpable,activity.,event,tragic,information,proactive,of,be,plunges,from,"despair,",beautiful,"properties,",bone,forest.,undeniable,chase,fascinating,blinks,evoke,malware,curious,only,lasting,system.,professionals,another,players,visually,but,line,within,nature,They've,item,members,As,will,place,lore.,technical,physical,eradicate,difficulty,Lords,which,responsibilities,continuously,storytelling.,valuable,mystery.,skill,almost,Dark,relationship,joys,It,pain,"self-grooming,",responding,must,dexterity,"homes,",kingdom,equate,master,"genre,",mastered,agency.,purr,"stalk,",monitor,Lothric,regal,purrs,weaknesses,strategic,"Flame.

Character",labyrinth,"confidentiality,",exploit,into,appreciate,new,"animals.

Ultimately,",families,A,responsible,non-technical,layer,"prowess.

One","self-sufficiency,",mesmerizing,homes,embrace,crowning,hard-earned,bestowing,"claws,",strong,between,catches,has,all,ensuring,actors,game,companionship,held,curiosity,"folklore,",landscape,"skills,",threats.,personality,"contentment,","integrity,",analysts,weaves,problem-solving,threat,characteristics.,prowess.,III's,shadowed,uncovering,First,aspects,shrouded,each,sharp,spirits,"trust.

Cats",essentially,"companions.

The",antics,involves,utilizing,if,online,"cleaning.

From",today's,independent,culture.,sound,"armor,",Egyptian,precise,evolving,Hidden,"creatures.

Cats",determining,mitigating,dust,source,us,upon,"weapons,",addition,threatens,breaches.,who,challenging,cyber,progression,affection.,fostering,"allure.

One",cleaning,failure.,playful,and,guardians,vectors,networks,detailed,rewarding,think,"breeds,",skilled,builds,attack,works,sunbeam,organization's,any,manifests,relief.,sense,aura,pet,specialized,appropriate,unforgiving,agile,"purr,","details,",intricate,suspicious,This,in,sensitive,with,endless,"chambers,",regulate,presence,"affection,",permeates,special,By,mysterious,unique,anything,blending,primary,feline,diverse,healing,vocalization,communicate,"however,",contain,fights,that,captivated,prefer,keen,"triumph.

The",boss,fates,intrusion,conducting,"areas,",balanced,like,as,formidable,"extinguish,",intriguing,blend,"pounce,",to,play,leaves,prey,"classic,","playstyles,",flexible,working,"exploration,",willingness,software,graceful,"posture.

Staying",nature.,are,"Siamese,",warm,reach,latest,"exposition,",inspired,brink,"attempts.

When",flexibility,imposing,remains,up-to-date,They,allows,"grow.
",increasingly,first,adds,they,spending,most,reflecting,by,abilities.,Each,penetration,colossal,themselves,testament,despair,These,regular,its,"life,",security,"Cinder,","sociability,",patterns,systems,countless,potential,the,contentment.,essential,"them,","organization.

In",III,stressed.,covenants,simple,hauntingly,teetering,analytical,masters,"triumph.
","bodies,",relentless,also,"patterns,",history,design,oils.,fascination.,solve,scanning.,trends,own,oblivion.,cybersecurity,"damage,",meticulous,humans,grooming,for,cyclical,innate,"Cats,",understanding,clean,part,selective,contribute,together,document,preventing,before,quiet,"history.

Dark",survive,even,bunny.,cryptic,world.,aspect,hunting,encounters,doesn't,stray,organizations,onslaught,complex,known,extent,monumental,"spectacular,","descriptions,",is,work.,terms.,level,fading,our,deities,earn,creatively,canine,movements,soft,cat,art,fragmented,slow,modern-day,modern,Souls,believed,victory,association,invite,demands,impression.,"Flame,",dialogue.,it's,While,explicit,left,an,player's,worldwide.,when,"fur,",yet,"testing,",experience,distinct,offer,"assets,"
Document 1,0.0,0.0,0.0,0.0030211480362537764,0.0,0.0,0.0030211480362537764,0.0,0.0,0.0,0.0,0.0,0.0,0.0030211480362537764,0.0030211480362537764,0.0,0.0,0.0,0.0,0.0030211480362537764,0.0,0.0,0.0,0.0,0.00906344410876133,0.0,0.0,0.0030211480362537764,0.0,0.0,0.0,0.0030211480362537764,0.0,0.006042296072507553,0.0,0.0,0.0,0.0,0.0,0.0030211480362537764,0.0,0.0,0.0030211480362537764,0.0,0.0030211480362537764,0.0030211480362537764,0.0,0.0,0.0030211480362537764,0.0030211480362537764,0.0,0.0030211480362537764,0.0,0.0,0.0030211480362537764,0.0030211480362537764,0.0,0.0,0.0030211480362537764,0.0030211480362537764,0.0,0.0030211480362537764,0.0030211480362537764,0.006042296072507553,0.0,0.0030211480362537764,0.0,0.0,0.0,0.0,0.0,0.0,0.0,0.0,0.0,0.0,0.0030211480362537764,0.0030211480362537764,0.0,0.0,0.0,0.0,0.0,0.0,0.0,0.0,0.0030211480362537764,0.0030211480362537764,0.0030211480362537764,0.0,0.0030211480362537764,0.0,0.0,0.0,0.0030211480362537764,0.0,0.0,0.0,0.0,0.0,0.006042296072507553,0.00906344410876133,0.0,0.006042296072507553,0.0030211480362537764,0.0,0.0030211480362537764,0.0,0.0,0.0030211480362537764,0.006042296072507553,0.0,0.0,0.0030211480362537764,0.0,0.0,0.0030211480362537764,0.0,0.0,0.0,0.021148036253776436,0.0030211480362537764,0.0,0.0,0.0,0.0,0.0,0.0030211480362537764,0.012084592145015106,0.0,0.0,0.0030211480362537764,0.0030211480362537764,0.0,0.0,0.0,0.0,0.0,0.0030211480362537764,0.0,0.0,0.0030211480362537764,0.0,0.0,0.0,0.0,0.0030211480362537764,0.0,0.0,0.006042296072507553,0.0,0.0,0.0030211480362537764,0.0030211480362537764,0.0,0.0,0.0030211480362537764,0.0,0.0030211480362537764,0.0030211480362537764,0.0,0.0,0.0,0.0,0.0,0.0030211480362537764,0.0030211480362537764,0.0,0.006042296072507553,0.0,0.0,0.0,0.0,0.0,0.0030211480362537764,0.0,0.0,0.0,0.0030211480362537764,0.0030211480362537764,0.006042296072507553,0.0,0.0,0.0,0.0,0.0030211480362537764,0.0,0.0,0.0030211480362537764,0.0,0.006042296072507553,0.0,0.0,0.0,0.006042296072507553,0.006042296072507553,0.0,0.0,0.0,0.0,0.0,0.0030211480362537764,0.0,0.0,0.0,0.0,0.0,0.0,0.0030211480362537764,0.0,0.0,0.0,0.0,0.0,0.0,0.0,0.0,0.0,0.0030211480362537764,0.0030211480362537764,0.0,0.0,0.0,0.0,0.0030211480362537764,0.0,0.0,0.0,0.0030211480362537764,0.0,0.0,0.0030211480362537764,0.0,0.0030211480362537764,0.0030211480362537764,0.0030211480362537764,0.0,0.0,0.0,0.0,0.0,0.0,0.0,0.0,0.0,0.0030211480362537764,0.0030211480362537764,0.0,0.00906344410876133,0.0030211480362537764,0.03323262839879154,0.0030211480362537764,0.0,0.0030211480362537764,0.0,0.0,0.0,0.0,0.0,0.0,0.0,0.0,0.0,0.0,0.0030211480362537764,0.0,0.0030211480362537764,0.0,0.0,0.0030211480362537764,0.0,0.0,0.0,0.0,0.0030211480362537764,0.0030211480362537764,0.0030211480362537764,0.0,0.0,0.0,0.0030211480362537764,0.0030211480362537764,0.0,0.0,0.012084592145015106,0.0,0.0030211480362537764,0.0,0.0,0.0030211480362537764,0.0030211480362537764,0.0030211480362537764,0.0,0.0,0.0,0.0,0.0,0.0,0.0,0.0,0.0,0.0,0.0,0.0030211480362537764,0.00906344410876133,0.0,0.0,0.0,0.0,0.0,0.0,0.0,0.0,0.0,0.0,0.0030211480362537764,0.0,0.0,0.0,0.0030211480362537764,0.0,0.0,0.0,0.0030211480362537764,0.0030211480362537764,0.0,0.0,0.006042296072507553,0.0,0.0,0.0,0.0030211480362537764,0.0030211480362537764,0.0,0.0030211480362537764,0.0,0.0,0.0,0.0,0.0,0.0,0.0,0.0,0.0030211480362537764,0.0,0.0,0.0,0.0,0.0,0.0030211480362537764,0.0,0.0,0.0,0.0,0.0,0.006042296072507553,0.0030211480362537764,0.0030211480362537764,0.0,0.0,0.0030211480362537764,0.015105740181268883,0.0,0.0030211480362537764,0.0030211480362537764,0.0,0.0,0.0,0.0,0.0,0.0,0.0,0.0,0.0,0.0,0.0,0.0,0.0030211480362537764,0.0,0.0,0.00906344410876133,0.0030211480362537764,0.0,0.0,0.0,0.0030211480362537764,0.0,0.0,0.0,0.0,0.0,0.0,0.0030211480362537764,0.0,0.0,0.0030211480362537764,0.0030211480362537764,0.0,0.0,0.0,0.0,0.0,0.0030211480362537764,0.0,0.0030211480362537764,0.0,0.0,0.006042296072507553,0.0,0.0,0.0,0.0,0.0,0.0,0.0,0.0634441087613293,0.0030211480362537764,0.0030211480362537764,0.0030211480362537764,0.0030211480362537764,0.0,0.0030211480362537764,0.0,0.0030211480362537764,0.0,0.006042296072507553,0.0,0.0,0.00906344410876133,0.006042296072507553,0.0,0.0,0.0,0.0,0.0,0.0030211480362537764,0.0030211480362537764,0.0,0.0,0.0,0.0,0.0,0.0030211480362537764,0.012084592145015106,0.006042296072507553,0.0030211480362537764,0.00906344410876133,0.0,0.0,0.0,0.0,0.0,0.0,0.0,0.0030211480362537764,0.0,0.0,0.0,0.0030211480362537764,0.0030211480362537764,0.0,0.0,0.0,0.0,0.0030211480362537764,0.0,0.0030211480362537764,0.0,0.0,0.0,0.0,0.0,0.0,0.0,0.0,0.0030211480362537764,0.0030211480362537764,0.0,0.0,0.0,0.0,0.0,0.0,0.0,0.0,0.0,0.045317220543806644,0.0030211480362537764,0.0,0.0,0.0,0.0,0.0,0.0030211480362537764,0.0,0.0,0.0030211480362537764,0.0,0.0030211480362537764,0.0,0.012084592145015106,0.0,0.0,0.0,0.0030211480362537764,0.0,0.0,0.0,0.0030211480362537764,0.0,0.0,0.0,0.0030211480362537764,0.00906344410876133,0.0,0.0030211480362537764,0.0030211480362537764,0.0030211480362537764,0.0,0.006042296072507553,0.0,0.0,0.0,0.0,0.0030211480362537764,0.0,0.0030211480362537764,0.0,0.0,0.0,0.0,0.0,0.0030211480362537764,0.0,0.0,0.01812688821752266,0.0,0.0,0.0,0.006042296072507553,0.0,0.0030211480362537764,0.04229607250755287,0.0,0.0030211480362537764,0.0030211480362537764,0.0030211480362537764,0.0,0.0,0.0,0.0,0.0,0.0,0.0030211480362537764,0.0,0.0,0.0,0.0,0.0030211480362537764,0.0,0.0,0.0,0.0,0.0,0.0030211480362537764,0.0030211480362537764,0.0030211480362537764,0.0,0.0,0.01812688821752266,0.0030211480362537764,0.0,0.0,0.0,0.015105740181268883,0.0,0.0,0.0,0.0030211480362537764,0.0,0.0,0.0,0.0,0.0,0.0030211480362537764,0.0030211480362537764,0.0030211480362537764,0.0,0.0,0.0,0.0,0.0,0.0,0.0030211480362537764,0.0030211480362537764,0.0,0.0,0.0,0.0,0.0030211480362537764,0.0,0.006042296072507553,0.0,0.0030211480362537764,0.0,0.0,0.0,0.015105740181268883,0.0030211480362537764,0.0,0.0,0.0,0.0,0.0,0.0,0.0030211480362537764,0.0,0.0,0.0,0.0,0.0,0.0,0.0,0.0,0.0,0.0,0.0,0.0,0.0,0.0,0.0,0.0,0.0,0.0,0.0,0.0,0.0,0.0,0.006042296072507553,0.0,0.0,0.0,0.0,0.0,0.0030211480362537764,0.0,0.0,0.0,0.0030211480362537764
Document 2,0.0,0.0024449877750611247,0.0024449877750611247,0.0,0.0024449877750611247,0.009779951100244499,0.0,0.0024449877750611247,0.0,0.0,0.0024449877750611247,0.0024449877750611247,0.0,0.0,0.0,0.0024449877750611247,0.0024449877750611247,0.0,0.0,0.0,0.0,0.0024449877750611247,0.0,0.0,0.0,0.0024449877750611247,0.004889975550122249,0.0,0.0,0.0,0.0,0.0,0.0,0.0,0.0,0.0,0.0,0.0,0.0024449877750611247,0.0,0.0,0.0024449877750611247,0.0,0.007334963325183374,0.0,0.0,0.0024449877750611247,0.0,0.0,0.0,0.0,0.0,0.0024449877750611247,0.0024449877750611247,0.0,0.004889975550122249,0.0,0.0024449877750611247,0.0024449877750611247,0.0,0.0024449877750611247,0.0,0.0,0.0,0.0024449877750611247,0.0,0.0,0.0,0.0,0.0024449877750611247,0.004889975550122249,0.0,0.0,0.0024449877750611247,0.0024449877750611247,0.0,0.0,0.0,0.0,0.0024449877750611247,0.0,0.0024449877750611247,0.0,0.0,0.0,0.0,0.0,0.0,0.0,0.004889975550122249,0.0,0.0024449877750611247,0.0024449877750611247,0.0,0.0,0.0,0.0,0.0024449877750611247,0.0,0.0024449877750611247,0.0,0.0,0.0024449877750611247,0.0,0.0,0.0024449877750611247,0.0,0.0024449877750611247,0.0024449877750611247,0.012224938875305624,0.0,0.0,0.0024449877750611247,0.0,0.0,0.0,0.0,0.0,0.0024449877750611247,0.0,0.02689486552567237,0.0,0.0,0.0024449877750611247,0.0,0.0,0.0,0.0,0.04645476772616137,0.0024449877750611247,0.0024449877750611247,0.0,0.0,0.0024449877750611247,0.0024449877750611247,0.0,0.0024449877750611247,0.0,0.0,0.0024449877750611247,0.0024449877750611247,0.0,0.0024449877750611247,0.0024449877750611247,0.0,0.0024449877750611247,0.0,0.0,0.012224938875305624,0.0,0.0024449877750611247,0.0,0.0,0.0,0.0,0.0,0.0,0.0,0.0,0.0,0.0024449877750611247,0.0,0.0,0.0024449877750611247,0.0,0.0,0.0,0.0024449877750611247,0.0,0.0,0.0,0.0024449877750611247,0.0024449877750611247,0.0,0.0,0.0,0.0,0.0,0.0,0.0,0.004889975550122249,0.0024449877750611247,0.0,0.0024449877750611247,0.0024449877750611247,0.0,0.0,0.0,0.0,0.0024449877750611247,0.0,0.0,0.0024449877750611247,0.0024449877750611247,0.0,0.0,0.0024449877750611247,0.0024449877750611247,0.0,0.0024449877750611247,0.0,0.0,0.0,0.0024449877750611247,0.0,0.004889975550122249,0.0024449877750611247,0.0,0.0,0.0024449877750611247,0.0,0.0,0.0,0.0024449877750611247,0.0024449877750611247,0.0024449877750611247,0.0,0.0,0.0,0.0,0.0024449877750611247,0.0,0.0024449877750611247,0.0024449877750611247,0.0,0.0024449877750611247,0.0024449877750611247,0.0,0.0,0.0024449877750611247,0.0,0.0,0.0024449877750611247,0.0,0.0,0.0024449877750611247,0.0024449877750611247,0.004889975550122249,0.0024449877750611247,0.0024449877750611247,0.0,0.0024449877750611247,0.0,0.0024449877750611247,0.0,0.0,0.0,0.0,0.0,0.0,0.034229828850855744,0.0,0.0,0.004889975550122249,0.0,0.0,0.0024449877750611247,0.0024449877750611247,0.0,0.0024449877750611247,0.0024449877750611247,0.0024449877750611247,0.0024449877750611247,0.0,0.0,0.0,0.0024449877750611247,0.0,0.0,0.0,0.0,0.0,0.0,0.0024449877750611247,0.0,0.0,0.0,0.004889975550122249,0.0,0.0024449877750611247,0.0,0.0,0.0024449877750611247,0.0,0.0,0.0024449877750611247,0.0,0.0,0.0,0.0,0.0,0.0,0.0,0.0,0.0,0.0,0.0024449877750611247,0.0,0.0024449877750611247,0.0024449877750611247,0.0,0.0024449877750611247,0.0024449877750611247,0.0,0.0,0.0,0.0024449877750611247,0.0,0.0024449877750611247,0.0,0.0,0.0024449877750611247,0.0,0.004889975550122249,0.0024449877750611247,0.0,0.0,0.0024449877750611247,0.0024449877750611247,0.0,0.0,0.0,0.0,0.0,0.0,0.0024449877750611247,0.0024449877750611247,0.0,0.0024449877750611247,0.0024449877750611247,0.0,0.0,0.0,0.0,0.0,0.0024449877750611247,0.0024449877750611247,0.0024449877750611247,0.0024449877750611247,0.0,0.0,0.0024449877750611247,0.0024449877750611247,0.0,0.0024449877750611247,0.0024449877750611247,0.0024449877750611247,0.0,0.0024449877750611247,0.0,0.0,0.0024449877750611247,0.0024449877750611247,0.0024449877750611247,0.0024449877750611247,0.0,0.0,0.0,0.0024449877750611247,0.0024449877750611247,0.0,0.0,0.0,0.0,0.0,0.0024449877750611247,0.0024449877750611247,0.0,0.0,0.0,0.0,0.0024449877750611247,0.0,0.0024449877750611247,0.0024449877750611247,0.0024449877750611247,0.0024449877750611247,0.0,0.0024449877750611247,0.0024449877750611247,0.0,0.0,0.0024449877750611247,0.0,0.0024449877750611247,0.0,0.004889975550122249,0.0024449877750611247,0.0024449877750611247,0.0,0.0024449877750611247,0.0,0.0,0.0,0.0024449877750611247,0.0,0.0,0.0024449877750611247,0.0024449877750611247,0.0024449877750611247,0.0024449877750611247,0.0,0.0,0.0,0.0,0.0024449877750611247,0.0,0.0,0.0,0.0024449877750611247,0.0,0.0024449877750611247,0.0024449877750611247,0.0,0.009779951100244499,0.05134474327628362,0.0,0.0,0.0,0.0,0.0,0.0,0.0024449877750611247,0.0,0.0,0.0,0.0024449877750611247,0.0024449877750611247,0.0,0.0,0.0024449877750611247,0.0024449877750611247,0.0,0.0024449877750611247,0.0024449877750611247,0.0,0.0,0.0,0.0,0.0024449877750611247,0.0,0.0,0.0,0.009779951100244499,0.009779951100244499,0.0,0.012224938875305624,0.0024449877750611247,0.0,0.0024449877750611247,0.0024449877750611247,0.0024449877750611247,0.0,0.0024449877750611247,0.0,0.0024449877750611247,0.007334963325183374,0.0024449877750611247,0.0,0.0,0.0024449877750611247,0.0024449877750611247,0.0024449877750611247,0.0024449877750611247,0.0,0.0024449877750611247,0.0,0.0,0.012224938875305624,0.0024449877750611247,0.0024449877750611247,0.0024449877750611247,0.0,0.0,0.0,0.0,0.0,0.0,0.0,0.0,0.0024449877750611247,0.0024449877750611247,0.0,0.0024449877750611247,0.0024449877750611247,0.0024449877750611247,0.03178484107579462,0.0,0.0,0.0024449877750611247,0.0,0.0,0.0024449877750611247,0.0,0.0,0.0,0.0,0.0024449877750611247,0.0,0.0024449877750611247,0.009779951100244499,0.0024449877750611247,0.0024449877750611247,0.0024449877750611247,0.0,0.0,0.0024449877750611247,0.0,0.0,0.0024449877750611247,0.0,0.0,0.0,0.0024449877750611247,0.0024449877750611247,0.0,0.0,0.0,0.0024449877750611247,0.004889975550122249,0.0024449877750611247,0.0024449877750611247,0.0024449877750611247,0.0,0.0,0.0,0.0,0.0,0.0024449877750611247,0.0,0.0,0.0,0.0,0.0024449877750611247,0.0024449877750611247,0.0,0.0,0.0024449877750611247,0.0,0.0,0.007334963325183374,0.0,0.022004889975550123,0.0024449877750611247,0.0,0.0,0.0,0.0,0.0024449877750611247,0.0,0.0024449877750611247,0.0,0.0,0.0,0.0024449877750611247,0.0,0.004889975550122249,0.0,0.007334963325183374,0.0,0.0024449877750611247,0.0,0.0024449877750611247,0.0024449877750611247,0.0,0.0,0.0,0.004889975550122249,0.0,0.0,0.0,0.0024449877750611247,0.004889975550122249,0.0024449877750611247,0.007334963325183374,0.0,0.0024449877750611247,0.0024449877750611247,0.0,0.0024449877750611247,0.0024449877750611247,0.0024449877750611247,0.0024449877750611247,0.0,0.0,0.0,0.0,0.0024449877750611247,0.0,0.0,0.0024449877750611247,0.0024449877750611247,0.0,0.0,0.0,0.004889975550122249,0.0,0.0024449877750611247,0.0024449877750611247,0.0,0.0,0.0024449877750611247,0.0024449877750611247,0.0,0.0,0.0,0.0,0.007334963325183374,0.0,0.0024449877750611247,0.0,0.0,0.0024449877750611247,0.0024449877750611247,0.0024449877750611247,0.0,0.0024449877750611247,0.0024449877750611247,0.004889975550122249,0.0024449877750611247,0.0024449877750611247,0.0,0.0024449877750611247,0.0024449877750611247,0.0,0.0,0.0024449877750611247,0.0,0.0024449877750611247,0.0,0.0,0.0,0.0,0.0,0.0024449877750611247,0.0024449877750611247,0.0,0.0,0.0,0.0,0.0024449877750611247,0.0024449877750611247,0.0024449877750611247,0.0,0.0,0.0,0.0,0.0,0.0
Document 3,0.0025575447570332483,0.0,0.0,0.0,0.0,0.0,0.0,0.0,0.0025575447570332483,0.0025575447570332483,0.0,0.0076726342710997444,0.0025575447570332483,0.0,0.0,0.0,0.0,0.0025575447570332483,0.0025575447570332483,0.0,0.0025575447570332483,0.0,0.005115089514066497,0.0025575447570332483,0.0,0.0,0.0,0.0,0.0025575447570332483,0.0025575447570332483,0.0025575447570332483,0.0,0.0025575447570332483,0.0,0.0025575447570332483,0.0025575447570332483,0.0025575447570332483,0.005115089514066497,0.0,0.0,0.0025575447570332483,0.0,0.0,0.0,0.0,0.0,0.0,0.0025575447570332483,0.0,0.0,0.0025575447570332483,0.0,0.0,0.0,0.0,0.0,0.0025575447570332483,0.0,0.0,0.0,0.0,0.0,0.0,0.0,0.0,0.0,0.0025575447570332483,0.0025575447570332483,0.0025575447570332483,0.0,0.0,0.0025575447570332483,0.0025575447570332483,0.0,0.0,0.0025575447570332483,0.0,0.0,0.0025575447570332483,0.0,0.0025575447570332483,0.0,0.0025575447570332483,0.0025575447570332483,0.0025575447570332483,0.0025575447570332483,0.0,0.0,0.0,0.0,0.0,0.0,0.0,0.0025575447570332483,0.0,0.0025575447570332483,0.005115089514066497,0.0,0.005115089514066497,0.0,0.0,0.0,0.0,0.0,0.0,0.0,0.0,0.0,0.0,0.0,0.0,0.0025575447570332483,0.0,0.0,0.0025575447570332483,0.0025575447570332483,0.005115089514066497,0.0025575447570332483,0.0,0.0025575447570332483,0.04603580562659847,0.0,0.0025575447570332483,0.0,0.0025575447570332483,0.0025575447570332483,0.0025575447570332483,0.0,0.005115089514066497,0.0,0.0,0.0,0.0,0.0,0.0,0.0025575447570332483,0.0,0.0025575447570332483,0.0,0.0,0.0,0.0,0.0,0.0,0.0025575447570332483,0.0025575447570332483,0.0,0.0025575447570332483,0.0,0.0,0.0,0.0025575447570332483,0.0,0.0,0.0025575447570332483,0.0025575447570332483,0.0,0.0025575447570332483,0.0,0.0025575447570332483,0.0,0.0025575447570332483,0.0025575447570332483,0.0,0.0025575447570332483,0.0,0.0,0.0,0.0025575447570332483,0.0025575447570332483,0.0025575447570332483,0.0,0.0,0.005115089514066497,0.0,0.0025575447570332483,0.0025575447570332483,0.0025575447570332483,0.0,0.0,0.0025575447570332483,0.0,0.0025575447570332483,0.0,0.0,0.0,0.0025575447570332483,0.0025575447570332483,0.0,0.0,0.0,0.0025575447570332483,0.0,0.0,0.0,0.0,0.0,0.0,0.0025575447570332483,0.0,0.0025575447570332483,0.0,0.0025575447570332483,0.0,0.005115089514066497,0.0,0.0,0.0025575447570332483,0.0,0.0,0.0025575447570332483,0.0025575447570332483,0.0025575447570332483,0.0,0.005115089514066497,0.0,0.0025575447570332483,0.0025575447570332483,0.0,0.0,0.0,0.0025575447570332483,0.0,0.0,0.0,0.0,0.0,0.0025575447570332483,0.0,0.0,0.0025575447570332483,0.0025575447570332483,0.0,0.0,0.0,0.0025575447570332483,0.0,0.0,0.0,0.0,0.0025575447570332483,0.0,0.0025575447570332483,0.0,0.0025575447570332483,0.0,0.0,0.005115089514066497,0.0,0.0,0.04603580562659847,0.0,0.0025575447570332483,0.005115089514066497,0.0025575447570332483,0.0025575447570332483,0.0,0.0,0.0025575447570332483,0.0,0.0,0.0,0.0,0.0025575447570332483,0.0,0.0025575447570332483,0.0025575447570332483,0.0025575447570332483,0.0025575447570332483,0.0,0.0025575447570332483,0.0076726342710997444,0.0025575447570332483,0.0,0.0,0.0025575447570332483,0.0025575447570332483,0.0,0.0025575447570332483,0.0,0.0,0.0,0.0025575447570332483,0.0025575447570332483,0.0,0.0,0.0,0.0025575447570332483,0.0025575447570332483,0.0,0.0,0.0,0.0025575447570332483,0.0025575447570332483,0.0025575447570332483,0.0025575447570332483,0.0,0.010230179028132993,0.0,0.0,0.0025575447570332483,0.0,0.0,0.0,0.0025575447570332483,0.0025575447570332483,0.0,0.0025575447570332483,0.0,0.0025575447570332483,0.0025575447570332483,0.0,0.0025575447570332483,0.0,0.0,0.0,0.0025575447570332483,0.0,0.0,0.0,0.0025575447570332483,0.0025575447570332483,0.0025575447570332483,0.0,0.0,0.005115089514066497,0.0,0.0,0.0,0.0,0.0025575447570332483,0.0,0.0,0.0025575447570332483,0.0,0.0,0.0,0.0,0.0025575447570332483,0.0025575447570332483,0.0025575447570332483,0.0,0.0,0.0,0.0,0.0,0.0025575447570332483,0.0025575447570332483,0.0,0.0,0.0076726342710997444,0.0,0.0,0.0,0.0,0.0,0.0,0.0,0.0,0.0,0.0,0.0,0.0025575447570332483,0.0,0.0,0.0,0.0,0.0025575447570332483,0.0025575447570332483,0.0025575447570332483,0.005115089514066497,0.0,0.0025575447570332483,0.0025575447570332483,0.0,0.0,0.0,0.0,0.0,0.0,0.0,0.0,0.0,0.0025575447570332483,0.0,0.0,0.0,0.0,0.0,0.0025575447570332483,0.0,0.0025575447570332483,0.0,0.0025575447570332483,0.0,0.0,0.0,0.0,0.0025575447570332483,0.0,0.0,0.0025575447570332483,0.0,0.0025575447570332483,0.0,0.0,0.0025575447570332483,0.0,0.0025575447570332483,0.0,0.0025575447570332483,0.0,0.0,0.0025575447570332483,0.0,0.043478260869565216,0.0,0.0,0.0,0.0,0.0025575447570332483,0.0,0.0,0.0,0.0025575447570332483,0.005115089514066497,0.0,0.0,0.0,0.0,0.0,0.0,0.0076726342710997444,0.0,0.0,0.0,0.0,0.0025575447570332483,0.0025575447570332483,0.0,0.0025575447570332483,0.005115089514066497,0.0,0.0,0.010230179028132993,0.0,0.010230179028132993,0.0,0.0025575447570332483,0.0,0.0,0.0,0.0025575447570332483,0.0,0.0,0.0,0.0,0.0,0.0,0.0,0.0,0.0025575447570332483,0.0,0.0,0.0,0.0,0.0,0.0025575447570332483,0.0076726342710997444,0.0,0.0,0.0,0.0025575447570332483,0.0025575447570332483,0.0025575447570332483,0.0,0.0,0.0025575447570332483,0.0025575447570332483,0.0025575447570332483,0.0025575447570332483,0.0,0.0025575447570332483,0.0,0.0,0.0,0.030690537084398978,0.0,0.0025575447570332483,0.0,0.0025575447570332483,0.0025575447570332483,0.0,0.0,0.0025575447570332483,0.0025575447570332483,0.0,0.0,0.0,0.0,0.0076726342710997444,0.0,0.0,0.0,0.0,0.0025575447570332483,0.0,0.0025575447570332483,0.0,0.0,0.0025575447570332483,0.0025575447570332483,0.0,0.0,0.0025575447570332483,0.0,0.0,0.0,0.0025575447570332483,0.0,0.0,0.0,0.0,0.0025575447570332483,0.0,0.005115089514066497,0.0,0.0025575447570332483,0.0,0.0025575447570332483,0.0025575447570332483,0.0025575447570332483,0.0,0.023017902813299233,0.0025575447570332483,0.0,0.0025575447570332483,0.0,0.0025575447570332483,0.0,0.0,0.0,0.04603580562659847,0.0,0.0,0.0,0.0,0.0076726342710997444,0.0,0.0025575447570332483,0.0,0.0025575447570332483,0.0025575447570332483,0.0,0.0,0.0025575447570332483,0.0,0.0025575447570332483,0.0,0.0025575447570332483,0.0025575447570332483,0.005115089514066497,0.0,0.0,0.0,0.0,0.0,0.0025575447570332483,0.0025575447570332483,0.0,0.0,0.0,0.0,0.0,0.005115089514066497,0.0025575447570332483,0.0,0.0,0.0,0.0,0.0,0.0,0.0,0.0025575447570332483,0.0,0.0,0.0,0.0,0.0025575447570332483,0.0025575447570332483,0.0,0.0,0.005115089514066497,0.0,0.0,0.0,0.0025575447570332483,0.0,0.0,0.0,0.0025575447570332483,0.0,0.0,0.0,0.0025575447570332483,0.0025575447570332483,0.0025575447570332483,0.023017902813299233,0.0,0.0,0.0025575447570332483,0.0025575447570332483,0.0,0.0,0.0,0.0,0.0,0.0,0.0,0.0,0.0,0.0025575447570332483,0.0,0.0,0.0025575447570332483,0.01278772378516624,0.0,0.005115089514066497,0.0,0.0025575447570332483,0.005115089514066497,0.0025575447570332483,0.0025575447570332483,0.0025575447570332483,0.0,0.0,0.0025575447570332483,0.0025575447570332483,0.0,0.005115089514066497,0.0,0.0,0.0,0.0025575447570332483,0.0,0.0025575447570332483,0.0025575447570332483,0.0025575447570332483,0.0
